{"index": 1, "secureLocalPac": true, "localPort": 1080, "logViewer": {"Font": "Consolas, 8pt", "toolbarShown": false, "topMost": false, "BackgroundColor": "Black", "wrapText": false, "TextColor": "White"}, "shareOverLan": false, "checkPreRelease": false, "global": false, "enabled": true, "strategy": null, "useOnlinePac": false, "isVerboseLogging": false, "availabilityStatistics": false, "autoCheckUpdate": true, "hotkey": {"ServerMoveDown": "", "ShowLogs": "", "SwitchAllowLan": "", "ServerMoveUp": "", "SwitchSystemProxy": "", "SwitchSystemProxyMode": ""}, "configs": [{"plugin_opts": "", "timeout": 5, "server_port": 20001, "plugin": "", "remarks": "", "password": "mxcpy529", "method": "chacha20", "server": "23.106.151.6"}, {"plugin_opts": "", "timeout": 5, "server_port": 20001, "plugin": "", "remarks": "", "password": "mxcpy529", "method": "chacha20", "server": "23.106.151.6"}, {"plugin_opts": "", "timeout": 5, "server_port": 20001, "plugin": "", "remarks": "", "password": "mxcpy529", "method": "chacha20", "server": "23.106.151.6"}], "pacUrl": null, "isDefault": false, "proxy": {"proxyPort": 0, "proxyType": 0, "proxyServer": "", "proxyTimeout": 3, "useProxy": false}}